site,exp1_origin,exp2_origin,exp3_origin,exp1_quantity,exp2_quantity,exp3_quantity
GTTG,40.48665005,46.03251048,32.58427248,1.782591241,0.94514713,1.142673311
ACCG,135.6032243,98.18560561,68.41768861,2.910704538,2.140170821,2.462245837
TCTA,247.8002472,114.8539241,60.22476623,3.945167209,2.677624616,1.428580692
CTCT,82.59188619,155.4277615,101.4623501,3.897803673,2.534712759,4.315384646
ACTC,96.63413266,22.60107491,20.07619517,2.034479134,1.551864954,1.025059238
GTCA,22.18595571,50.86029215,30.25499143,1.414447398,0.899555618,1.134067403
CTCG,149.4652366,154.5171876,94.697113,4.112016027,2.746888645,3.08282741
TCTC,73.82773818,78.30779603,43.24035135,1.902076523,1.488738244,1.322441162
GTCT,50.45438049,34.52517226,18.18033926,1.546850008,1.088058988,1.504121438
TTTG,176.319745,167.97012,93.1755905,4.679302007,3.47196905,3.476786744
TTTT,94.27182319,87.0856893,44.71422569,2.348800778,1.891171021,1.513683557
ATTT,37.81407409,33.82091127,21.32272873,1.221763924,0.922351374,1.200046029
ACTA,109.4859507,91.50863745,44.82983433,2.378941209,1.927118175,1.65998399
ATCA,145.4965294,117.4244198,62.98236573,3.053871588,2.390047382,2.336025857
CCTA,172.1650804,113.2367312,60.90776128,3.55657093,2.375142464,2.2117183
CCCT,126.0764993,119.001418,62.7045159,2.866570335,2.305001675,2.118965738
GCCC,84.47111403,63.28786672,35.61056695,1.669564622,1.314263032,1.461091899
CCCG,157.9021605,88.40918714,51.27332125,1.99572715,1.601840266,1.554800672
TCCC,89.63552544,102.3063888,57.46234613,2.516726039,1.856977386,1.936329251
GTCC,58.43076227,50.75714925,28.89027442,1.175476833,0.915337295,0.737239433
GCCG,66.12249071,62.3231262,35.13514392,1.317567439,1.077537869,1.013584694
ACTG,77.90419,91.96737,47.55306,2.078,1.948,1.501
ACCA,138.19999,121.13999,71.78247,3.758,3.768,3.206
ATTA,263.17971,168.19709,112.16817,5.9,3.391,4.858
TTTA,388.4835,273.62585,162.4259,7.36,6.383,6.53
CTTT,141.91485,191.62067,119.81073,3.917,3.455,4.444
GCTT,94.14761,66.01323,31.30225,2.757,1.716,2.024
CCTG,117.18254,57.57269,82.29236,1.479,1.437,0.944
TCCT,71.65385,135.22112,78.49307,3.56,2.767,3.026
ATCC,203.09883,142.23809,21.2547,2.971,2.933,1.123
CTCA,247.25604,202.54963,112.96084,5.106,4.642,4.94
CCTC,43.88753,74.23542,39.68011,1.9,1.654,2.011
GCCT,110.45078,76.8673,29.91936,1.682,1.822,1.547
CTTG,111.85302,85.97346,50.35414,2.38,2.186,2.454
CCTT,53.47708,72.22353,39.74519,1.726,1.492,2.209
ACCT,180.30438,133.2484,62.90021,3.341,3.163,2.733
TCCA,211.80798,162.87394,79.38048,4.333,4.096,3.352
CTCC,153.2812,156.18821,85.73966,3.925,3.353,3.498
GCTC,47.61407,61.40584,22.71746,1.607,1.696,1.179
TTCG,128.26703,175.67987,89.56724,4.42,4.09,3.601
CTTC,63.17134,112.5865,69.7485,2.636,2.562,1.95
ACTT,46.32306,108.00054,46.37377,2.458,2.198,1.733
TTCA,259.95945,280.23508,122.16674,7.007,6.517,5.291
TTTC,163.21033,185.21791,92.15258,4.125,3.789,4.739
GTTT,43.62164,71.3859,39.92399,1.545,1.483,1.44
ATTG,115.7815981,187.8367822,68.94240286,2.83936047,3.290458253,2.602072663
CCCA,170.2070522,212.3872737,81.66958381,3.53850378,4.077259781,3.018793582
CCCC,29.95878857,157.2781202,55.26146814,1.434227893,1.823209058,1.788980253
ACCC,114.2765665,36.63041371,22.43451685,1.85354273,1.999018503,1.715545356
CTTA,187.9450606,269.6057149,95.54560429,4.191436884,4.416940992,3.809767047
TCTT,86.5971259,204.4126181,45.21093377,2.123958013,2.071729817,1.767746066
ATCT,132.1475812,65.4219032,73.21867728,2.896695356,3.309992636,2.761329065
GCCA,75.61761901,121.21317,46.83522088,1.815889969,2.230175366,1.68192456
TCTG,49.62564556,70.57135826,39.78259475,0.966135615,1.495465525,1.191768744
TTCT,146.3601395,208.5952911,96.3559573,3.238137438,3.775562092,3.54433971
ATTC,94.17839941,121.0518477,51.22671851,2.090583975,2.245368775,1.914615859
GCTA,70.20133672,97.45461541,38.41197881,1.445352572,1.677786431,1.394378278
ATCG,92.79077304,128.5547053,50.6329797,2.231781828,2.250794992,1.942043351
GTTA,203.3420723,189.6127826,70.45185419,2.933492372,2.973567155,2.356109997
TCCG,168.1703281,213.1018186,79.70554319,3.268944242,3.856955353,3.045336316
TTCC,230.6670427,268.2403217,113.053889,4.674076819,4.817395839,4.179595804
GTTC,104.3737144,116.9735402,49.05045105,2.146207371,2.534043542,1.850913298
GTCG,53.40960254,68.78114384,28.32935072,1.131294316,1.280587315,0.703382444
GCTG,64.70672875,100.3456583,34.29761793,1.265646213,1.942585842,0.706921475